AALA	BasalEudicots	Eudicots
AAXJ	CoreEudicots Caryophyllales	Caryophyllales
ABCD	Mosses	Mosses
ABEH	CoreEudicots/Asterids	Asterids
ABIJ	Lycophytes	Lycophytes
ABSS	Magnoliids	Magnoliids
ACFP	CoreEudicots/Rosids	Rosids
ACRY	Chlorophyceae	Chlorophyta
ACWS	Pinales	Gymnosperms
ADHK	CoreEudicots/Asterids	Asterids
AEKF	Zygnemophyceae	Streptophyte Algae
AEPI	CoreEudicots/Rosids	Rosids
AFLV	Monocots	Monocots
AFPO	LeptosporangiateMonilophytes	Monilophytes
AFQQ	CoreEudicots/Asterids	Asterids
AHRN	CoreEudicots/Asterids	Asterids
AIGO	Pinales	Gymnosperms
AIOU	CoreEudicots/Asterids	Asterids
AJAU	Ulvophyceae	Chlorophyta
AJFN	CoreEudicots/Asterids	Asterids
AJJE	CoreEudicots/Rosids	Rosids
AJUW	Chlorophyceae	Chlorophyta
AKCR	Trebouxiophyceae	Chlorophyta
AKXB	Hornworts	Hornworts
ALUC	CoreEudicots/Asterids	Asterids
ALVQ	EusporangiateMonilophytes	Monilophytes
ALZF	Ulvophyceae	Chlorophyta
ANON	Hornworts	Hornworts
AOUJ	Chlorophyceae	Chlorophyta
APTP	Chromista	Chromista
AQFM	Pinales	Gymnosperms
AQGE	CoreEudicots/Rosids	Rosids
AQZD	CoreEudicots/Asterids	Asterids
AREG	Pinales	Gymnosperms
ARYD	CoreEudicots/Rosids	Rosids
ASMV	CoreEudicots/Asterids	Asterids
ASZK	Chromista	Chromista
ATFX	CoreEudicots/Rosids	Rosids
ATYL	CoreEudicots/Asterids	Asterids
AUDE	Pinales	Gymnosperms
AUGV	BasalEudicots Ranunculales	Eudicots
AUIP	CoreEudicots/Asterids	Asterids
AVJK	CoreEudicots/Asterids	Asterids
AWJM	CoreEudicots/Rosids	Rosids
AWOI	Mosses	Mosses
AWQB	Pinales	Gymnosperms
AXAF	CoreEudicots/Rosids	Rosids
AXBO	CoreEudicots/Asterids	Asterids
AXNH	CoreEudicots/Rosids	Rosids
AXPJ	CoreEudicots/Rosids	Rosids
AYIY	CoreEudicots/Asterids	Asterids
AYMT	CoreEudicots/Rosids	Rosids
AYPS	Chlorophyta	Chlorophyta
AZBL	CoreEudicots Caryophyllales	Caryophyllales
AZZW	Chlorokybales	Streptophyte Algae
Ambtr_v1.0.27	BasalAngiosperms	Basal Angiosperms
Aquco_v1.1	BasalEudicots	Eudicots
Arath_TAIR10	CoreEudicots/Rosids	Rosids
BAHE	CoreEudicots/Asterids	Asterids
BAJW	ChromistaHaptophyceae	Chromista
BAKF	Chromista	Chromista
BAZF	Chlorophyceae	Chlorophyta
BBBA	CoreEudicots/Rosids	Rosids
BBDD	Pinales	Gymnosperms
BCAA	CoreEudicots/Rosids	Rosids
BCGB	Magnoliids	Magnoliids
BCYF	Chlorophyceae	Chlorophyta
BDJQ	Monocots	Monocots
BEFC	CoreEudicots/Asterids	Asterids
BEGM	EusporangiateMonilophytes	Monilophytes
BEKN	BasalEudicots Ranunculales	Eudicots
BERS	CoreEudicots Caryophyllales	Caryophyllales
BFIK	Klebsormidiophyceae	Streptophyte Algae
BFJL	CoreEudicots/Asterids	Asterids
BGXB	Mosses	Mosses
BGZG	CoreEudicots/Rosids	Rosids
BHBK	Zygnemophyceae	Streptophyte Algae
BHYC	CoreEudicots/Rosids	Rosids
BIDT	CoreEudicots/Asterids	Asterids
BILC	Trebouxiophyceae	Chlorophyta
BJKT	CoreEudicots Caryophyllales	Caryophyllales
BJSW	CoreEudicots/Rosids	Rosids
BKQU	CoreEudicots Caryophyllales	Caryophyllales
BLAJ	Monocots	Monocots
BLVL	CoreEudicots/Rosids	Rosids
BMIF	LeptosporangiateMonilophytes	Monilophytes
BMJR	LeptosporangiateMonilophytes	Monilophytes
BMSE	CoreEudicots/Asterids	Asterids
BNCU	Liverworts	Liverworts
BNDE	CoreEudicots/Rosids	Rosids
BNTL	CoreEudicots/Asterids	Asterids
BOGT	ChromistaChrysophyta	Chromista
BOLZ	CoreEudicots/Asterids	Asterids
BPKH	Monocots	Monocots
BPSG	Mosses	Mosses
BRUD	Monocots	Monocots
BSEY	CoreEudicots Santalales	Santalales
BSNI	Hornworts	Hornworts
BSTR	Monocots	Monocots
BSVG	Magnoliids	Magnoliids
BTFM	Mamiellophyceae	Chlorophyta
BTTS	Pinales	Gymnosperms
BUWV	Pinales	Gymnosperms
BVOF	CoreEudicots/Rosids	Rosids
BWRK	CoreEudicots Caryophyllales	Caryophyllales
BWVJ	Rhodophyta	Rhodophyta
BXAY	Monocots	Monocots
BXBF	CoreEudicots/Rosids	Rosids
BYNZ	CoreEudicots Caryophyllales	Caryophyllales
BYPY	Monocots	Monocots
BYQM	Monocots	Monocots
BZDF	CoreEudicots/Rosids	Rosids
BZSH	Chlorophyceae	Chlorophyta
Betvu_v1.1	CoreEudicots Caryophyllales	Caryophyllales
CAPN	EusporangiateMonilophytes	Monilophytes
CAQZ	CoreEudicots/Asterids	Asterids
CBAE	Lycophytes	Lycophytes
CBJR	CoreEudicots Caryophyllales	Caryophyllales
CBNG	Ulvophyceae	Chlorophyta
CCID	BasalEudicots Ranunculales	Eudicots
CDFR	Pinales	Gymnosperms
CFRN	CoreEudicots/Asterids	Asterids
CGDN	Pinales	Gymnosperms
CIAC	CoreEudicots Saxifragales	Eudicots
CIEA	Monocots	Monocots
CJGZ	CoreEudicots/Rosids	Rosids
CJNT	LeptosporangiateMonilophytes	Monilophytes
CKDK	CoreEudicots/Rosids	Rosids
CKKR	CoreEudicots Saxifragales	Eudicots
CKXF	Rhodophyta	Rhodophyta
CLMX	CoreEudicots/Asterids	Asterids
CLNU	CoreEudicots/Asterids	Asterids
CLRW	CoreEudicots/Asterids	Asterids
CMCY	Monocots	Monocots
CMEQ	Mosses	Mosses
CMFF	CoreEudicots/Rosids	Rosids
CNTZ	Monocots	Monocots
COAQ	CoreEudicots/Rosids	Rosids
COBX	CoreEudicots/Asterids	Asterids
COCP	Monocots	Monocots
CPKP	CoreEudicots Caryophyllales	Caryophyllales
CPLT	CoreEudicots Caryophyllales	Caryophyllales
CPOC	CoreEudicots/Asterids	Asterids
CQMG	CoreEudicots/Rosids	Rosids
CQPW	LeptosporangiateMonilophytes	Monilophytes
CQQP	Ulvophyceae	Chlorophyta
CRNC	CoreEudicots/Rosids	Rosids
CSSK	Magnoliids	Magnoliids
CSUV	CoreEudicots/Rosids	Rosids
CTSS	CoreEudicots Saxifragales	Eudicots
CTYH	CoreEudicots Caryophyllales	Caryophyllales
CUTE	CoreEudicots Caryophyllales	Caryophyllales
CVDF	CoreEudicots Caryophyllales	Caryophyllales
CVEG	LeptosporangiateMonilophytes	Monilophytes
CWYJ	CoreEudicots/Asterids	Asterids
CWZU	CoreEudicots/Rosids	Rosids
CZPV	CoreEudicots/Rosids	Rosids
Carpa_ASGPBv0.4	CoreEudicots/Rosids	Rosids
Chabr_v0.1	Charophyceae	Streptophyte Algae
Chlre_v5.5	Chlorophyceae	Chlorophyta
Chlva_v1.0	Trebouxiophyceae	Chlorophyta
Cyame_v1.0	Rhodophyta	Rhodophyta
DAAD	CoreEudicots/Asterids	Asterids
DAYQ	CoreEudicots Saxifragales	Eudicots
DBYD	ChromistaChrysophyta	Chromista
DCCI	CoreEudicots/Asterids	Asterids
DCDT	LeptosporangiateMonilophytes	Monilophytes
DDRL	CoreEudicots/Asterids	Asterids
DESP	CoreEudicots/Asterids	Asterids
DFDS	Zygnemophyceae	Streptophyte Algae
DFHO	EusporangiateMonilophytes	Monilophytes
DFYF	CoreEudicots/Asterids	Asterids
DGXS	Monocots	Monocots
DHAW	CoreEudicots/Rosids	Rosids
DHPO	Magnoliids	Magnoliids
DHWX	Mosses	Mosses
DIHD	CoreEudicots/Asterids	Asterids
DJSE	EusporangiateMonilophytes	Monilophytes
DKFZ	CoreEudicots/Asterids	Asterids
DLAI	CoreEudicots/Asterids	Asterids
DLJZ	CoreEudicots/Asterids	Asterids
DMIN	Monocots	Monocots
DMLT	CoreEudicots/Asterids	Asterids
DOVJ	CoreEudicots/Asterids	Asterids
DPFW	Monocots	Monocots
DRFX	Zygnemophyceae	Streptophyte Algae
DRGY	Coleochaetophyceae	Streptophyte Algae
DRIL	CoreEudicots Saxifragales	Eudicots
DSUV	CoreEudicots/Asterids	Asterids
DTNC	CoreEudicots/Asterids	Asterids
DUMA	Chlorodendrales	Chlorophyta
DUNJ	CoreEudicots/Asterids	Asterids
DUQG	CoreEudicots/Asterids	Asterids
DVXD	CoreEudicots Caryophyllales	Caryophyllales
DVYE	Chlorophyceae	Chlorophyta
DWZT	Monocots	Monocots
DXOU	Hornworts	Hornworts
DXQW	CoreEudicots/Rosids	Rosids
DZLN	CoreEudicots/Rosids	Rosids
DZPJ	Chlorophyceae	Chlorophyta
DZQM	Pinales	Gymnosperms
DZTK	CoreEudicots/Rosids	Rosids
EAAA	CoreEudicots/Asterids	Asterids
EATP	Trebouxiophyceae	Chlorophyta
EAVM	CoreEudicots/Rosids	Rosids
EBWI	ChromistaHaptophyceae	Chromista
ECTD	CoreEudicots/Asterids	Asterids
EDBB	CoreEudicots/Asterids	Asterids
EDEQ	CoreEudicots/Asterids	Asterids
EDHN	CoreEudicots/Rosids	Rosids
EDIT	CoreEudicots Caryophyllales	Caryophyllales
EDXZ	CoreEudicots/Asterids	Asterids
EEAQ	EusporangiateMonilophytes	Monilophytes
EEJO	Trebouxiophyceae	Chlorophyta
EEMJ	Mosses	Mosses
EFCZ	Monocots	Monocots
EFMS	Pinales	Gymnosperms
EGLZ	Pinales	Gymnosperms
EGNB	prasinophytes Scourfieldiales	Chlorophyta
EGOS	CoreEudicots Caryophyllales	Caryophyllales
EHNF	BasalEudicots	Eudicots
EILE	CoreEudicots/Rosids	Rosids
EJBY	CoreEudicots/Asterids	Asterids
EJCM	CoreEudicots/Asterids	Asterids
EMAL	CoreEudicots/Asterids	Asterids
EMBR	CoreEudicots/Asterids	Asterids
EMJJ	Monocots	Monocots
ENAU	Chlorophyceae	Chlorophyta
ENQF	Lycophytes	Lycophytes
EQDA	CoreEudicots/Asterids	Asterids
EQYT	CoreEudicots/Rosids	Rosids
ERIA	CoreEudicots Saxifragales	Eudicots
ERWT	CoreEudicots/Asterids	Asterids
ETCJ	Pinales	Gymnosperms
ETGN	Trebouxiophyceae	Chlorophyta
EVOD	BasalEudicots Ranunculales	Eudicots
EWXK	LeptosporangiateMonilophytes	Monilophytes
EYKJ	CoreEudicots/Asterids	Asterids
EYRD	CoreEudicots Caryophyllales	Caryophyllales
EZGR	CoreEudicots Caryophyllales	Caryophyllales
EZZT	CoreEudicots/Rosids	Rosids
Elagu_v2.0	Monocots	Monocots
Eucgr_v1.1	CoreEudicots/Rosids	Rosids
FAJB	Hornworts	Hornworts
FAKD	BasalEudicots	Eudicots
FALI	Magnoliids	Magnoliids
FAMO	CoreEudicots/Asterids	Asterids
FCBJ	CoreEudicots Saxifragales	Eudicots
FCCA	CoreEudicots/Rosids	Rosids
FCEL	Monocots	Monocots
FCHS	LeptosporangiateMonilophytes	Monilophytes
FDMM	CoreEudicots/Asterids	Asterids
FEDW	CoreEudicots/Rosids	Rosids
FFFY	CoreEudicots/Asterids	Asterids
FFGR	Zygnemophyceae	Streptophyte Algae
FFPD	Mosses	Mosses
FGDU	CoreEudicots/Rosids	Rosids
FGRF	Monocots	Monocots
FHST	Pinales	Gymnosperms
FIDQ	Chromista	Chromista
FIKG	Chromista	Chromista
FLTD	LeptosporangiateMonilophytes	Monilophytes
FMVB	Chlorodendrales	Chlorophyta
FMWZ	Pinales	Gymnosperms
FNEN	CoreEudicots/Asterids	Asterids
FOMH	Chromista	Chromista
FOYQ	Chlorophyceae	Chlorophyta
FPCO	Klebsormidiophyceae	Streptophyte Algae
FQGQ	LeptosporangiateMonilophytes	Monilophytes
FQLP	Klebsormidiophyceae	Streptophyte Algae
FROP	CoreEudicots/Asterids	Asterids
FRPM	Pinales	Gymnosperms
FSQE	Chromista	Chromista
FTRP	Rhodophyta	Rhodophyta
FUMQ	CoreEudicots/Asterids	Asterids
FUPX	CoreEudicots/Asterids	Asterids
FVXD	CoreEudicots Caryophyllales	Caryophyllales
FWBF	CoreEudicots/Asterids	Asterids
FWCQ	CoreEudicots/Rosids	Rosids
FXGI	CoreEudicots/Asterids	Asterids
FXHG	Chlorophyceae	Chlorophyta
FYSJ	CoreEudicots Caryophyllales	Caryophyllales
FYTP	CoreEudicots Saxifragales	Eudicots
FYUH	CoreEudicots/Asterids	Asterids
FZJL	BasalAngiosperms	Basal Angiosperms
FZQN	CoreEudicots Caryophyllales	Caryophyllales
GAMH	Pinales	Gymnosperms
GANB	LeptosporangiateMonilophytes	Monilophytes
GAON	Lycophytes	Lycophytes
GBGT	Zygnemophyceae	Streptophyte Algae
GBVZ	BasalEudicots Ranunculales	Eudicots
GCFE	CoreEudicots/Asterids	Asterids
GCYL	CoreEudicots Caryophyllales	Caryophyllales
GDKK	Monocots	Monocots
GDZS	CoreEudicots/Asterids	Asterids
GEHT	CoreEudicots/Rosids	Rosids
GETL	CoreEudicots/Asterids	Asterids
GFUR	Chlorophyceae	Chlorophyta
GGEA	Pinales	Gymnosperms
GGJD	CoreEudicots/Asterids	Asterids
GGWH	Zygnemophyceae	Streptophyte Algae
GHLP	CoreEudicots/Asterids	Asterids
GIOY	CoreEudicots/Asterids	Asterids
GIPR	CoreEudicots/Asterids	Asterids
GIWN	CoreEudicots Caryophyllales	Caryophyllales
GJIY	Ulvophyceae	Chlorophyta
GJNX	CoreEudicots Caryophyllales	Caryophyllales
GJPF	Monocots	Monocots
GKAG	Lycophytes	Lycophytes
GKCZ	Pinales	Gymnosperms
GLVK	CoreEudicots/Rosids	Rosids
GMHZ	Pinales	Gymnosperms
GNPX	CoreEudicots/Asterids	Asterids
GNQG	Cycadales Cycadales	Gymnosperms
GNRI	CoreEudicots/Asterids	Asterids
GOWD	Mosses	Mosses
GRFT	CoreEudicots/Asterids	Asterids
GRKU	Mosses	Mosses
GRRW	BasalEudicots	Eudicots
GSXD	LeptosporangiateMonilophytes	Monilophytes
GSZA	CoreEudicots/Asterids	Asterids
GTHK	Gnetales	Gymnosperms
Gnemo_v1.0	Gnetales	Gymnosperms
GTSV	CoreEudicots/Rosids	Rosids
GUBD	Chlorophyceae	Chlorophyta
GUMF	CoreEudicots/Asterids	Asterids
GVCB	CoreEudicots/Rosids	Rosids
GXBM	Trebouxiophyceae	Chlorophyta
GYBH	Ulvophyceae	Chlorophyta
GYFU	LeptosporangiateMonilophytes	Monilophytes
GYRP	Zygnemophyceae	Streptophyte Algae
HABV	CoreEudicots/Rosids	Rosids
HAEU	BasalEudicots	Eudicots
HANM	CoreEudicots/Asterids	Asterids
HAOX	Zygnemophyceae	Streptophyte Algae
HATH	Monocots	Monocots
HBGV	Pinales	Gymnosperms
HBHB	CoreEudicots/Rosids	Rosids
HBUQ	CoreEudicots/Rosids	Rosids
HDSY	CoreEudicots Caryophyllales	Caryophyllales
HDWF	CoreEudicots/Rosids	Rosids
HEGQ	LeptosporangiateMonilophytes	Monilophytes
HENI	CoreEudicots/Rosids	Rosids
HERT	Liverworts	Liverworts
HFIK	Chromista	Chromista
HGSM	CoreEudicots/Asterids	Asterids
HHXJ	Chlorodendrales	Chlorophyta
HIDG	Zygnemophyceae	Streptophyte Algae
HILW	Pinales	Gymnosperms
HJMP	CoreEudicots/Rosids	Rosids
HKMQ	CoreEudicots/Rosids	Rosids
HKZW	Zygnemophyceae	Streptophyte Algae
HLJG	CoreEudicots/Asterids	Asterids
HMHL	Liverworts	Liverworts
HNCF	CoreEudicots/Rosids	Rosids
HNDZ	LeptosporangiateMonilophytes	Monilophytes
HOKG	Monocots	Monocots
HPXA	Liverworts	Liverworts
HQOM	Pinales	Gymnosperms
HQRJ	CoreEudicots Saxifragales	Eudicots
HRUR	CoreEudicots/Asterids	Asterids
HRWG	Mosses	Mosses
HTFH	LeptosporangiateMonilophytes	Monilophytes
HTIP	CoreEudicots Saxifragales	Eudicots
HUQC	CoreEudicots/Asterids	Asterids
HUSX	CoreEudicots/Asterids	Asterids
HVBQ	Mosses	Mosses
HVNO	Chlorodendrales	Chlorophyta
HWUP	Monocots	Monocots
HXCD	CoreEudicots/Asterids	Asterids
HXJE	Monocots	Monocots
HYHN	prasinophytes/Prasinococcales Prasinococcales	Chlorophyta
HYZL	CoreEudicots/Rosids	Rosids
HZTS	CoreEudicots Caryophyllales	Caryophyllales
IADP	Monocots	Monocots
IAJW	Pinales	Gymnosperms
IANR	CoreEudicots/Rosids	Rosids
IAYV	Chromista	Chromista
ICNN	Monocots	Monocots
IDAU	CoreEudicots/Rosids	Rosids
IDGE	CoreEudicots/Asterids	Asterids
IEHF	Rhodophyta	Rhodophyta
IEPQ	CoreEudicots/Rosids	Rosids
IFLI	Pinales	Gymnosperms
IGUH	Mosses	Mosses
IHCQ	CoreEudicots/Rosids	Rosids
IHJY	Rhodophyta	Rhodophyta
IHOI	Chlorophyceae	Chlorophyta
IHPC	CoreEudicots/Asterids	Asterids
IIOL	Pinales	Gymnosperms
IJMT	Chlorophyceae	Chlorophyta
IKFD	CoreEudicots/Rosids	Rosids
IKIZ	Rhodophyta	Rhodophyta
IKWM	Rhodophyta	Rhodophyta
ILBQ	Liverworts	Liverworts
IMZV	CoreEudicots/Rosids	Rosids
INQX	CoreEudicots/Rosids	Rosids
INSP	CoreEudicots/Rosids	Rosids
IOVS	Pinales	Gymnosperms
IPWB	CoreEudicots/Rosids	Rosids
IRAF	BasalEudicots Ranunculales	Eudicots
IRBN	Liverworts	Liverworts
IRYH	Chlorophyceae	Chlorophyta
IRZA	Chromista	Chromista
ISGT	Chlorophyceae	Chlorophyta
ISHC	Zygnemophyceae	Streptophyte Algae
ISIM	Nephroselmidophyceae Nephroselmidales	Chlorophyta
ISPU	Chlorophyceae	Chlorophyta
IUSR	CoreEudicots Saxifragales	Eudicots
IWIS	CoreEudicots Caryophyllales	Caryophyllales
IWMW	BasalEudicots	Eudicots
IXEM	Monocots	Monocots
IXLH	LeptosporangiateMonilophytes	Monilophytes
IXVJ	CoreEudicots/Asterids	Asterids
IYDF	CoreEudicots/Asterids	Asterids
IZGN	Pinales	Gymnosperms
IZLO	CoreEudicots/Asterids	Asterids
IZNU	CoreEudicots/Asterids	Asterids
JADL	Mosses	Mosses
JAFJ	CoreEudicots Caryophyllales	Caryophyllales
JBLI	LeptosporangiateMonilophytes	Monilophytes
JBND	Pinales	Gymnosperms
JCLQ	CoreEudicots/Asterids	Asterids
JCMU	CoreEudicots/Asterids	Asterids
JCXF	Chromista	Chromista
JDQB	Pinales	Gymnosperms
JDTY	Monocots	Monocots
JEBK	Rhodophyta	Rhodophyta
JEPE	CoreEudicots/Asterids	Asterids
JETM	CoreEudicots/Rosids	Rosids
JEXA	CoreEudicots/Asterids	Asterids
JGAB	CoreEudicots Caryophyllales	Caryophyllales
JGGD	Chromista	Chromista
JGYZ	CoreEudicots/Asterids	Asterids
JHCN	CoreEudicots/Rosids	Rosids
JHFI	Liverworts	Liverworts
JHUL	Monocots	Monocots
JIWJ	Ulvophyceae	Chlorophyta
JJZR	Rhodophyta	Rhodophyta
JKAA	Lycophytes	Lycophytes
JKHA	Glaucophyta	Glaucophyta
JKKI	Chlorophyceae	Chlorophyta
JKNQ	CoreEudicots/Rosids	Rosids
JLOV	CoreEudicots Caryophyllales	Caryophyllales
JMTE	prasinophytes Pseudoscourfieldiales	Chlorophyta
JMUI	Chlorophyceae	Chlorophyta
JMXW	Mosses	Mosses
JNKW	CoreEudicots/Asterids	Asterids
JNUB	Monocots	Monocots
JNVS	CoreEudicots/Asterids	Asterids
JOIS	CoreEudicots/Rosids	Rosids
JOJQ	Zygnemophyceae	Streptophyte Algae
JPDJ	CoreEudicots/Asterids	Asterids
JPYU	Liverworts	Liverworts
Marpo_v1.0	Liverworts	Liverworts
JQFK	Trebouxiophyceae	Chlorophyta
JRGZ	Chlorophyceae	Chlorophyta
JRNA	Pinales	Gymnosperms
JSAG	Monocots	Monocots
JSZD	CoreEudicots/Rosids	Rosids
JTIG	Ulvophyceae	Chlorophyta
JTQQ	CoreEudicots/Rosids	Rosids
JTRM	CoreEudicots/Asterids	Asterids
JUWL	Pinales	Gymnosperms
JVBR	Monocots	Monocots
JVSZ	EusporangiateMonilophytes	Monilophytes
JWEY	CoreEudicots/Asterids	Asterids
JWGT	Chlorophyceae	Chlorophyta
JYMN	CoreEudicots/Asterids	Asterids
JZVE	Pinales	Gymnosperms
KADG	Ulvophyceae	Chlorophyta
KAWQ	Cycadales Cycadales	Gymnosperms
KAYP	Magnoliids	Magnoliids
KBRW	CoreEudicots/Rosids	Rosids
KBXS	Monocots	Monocots
KCPT	CoreEudicots/Rosids	Rosids
KDCH	CoreEudicots Caryophyllales	Caryophyllales
KEFD	Mosses	Mosses
KEGA	CoreEudicots/Rosids	Rosids
KEYW	Zygnemophyceae	Streptophyte Algae
KFEB	Chlorophyceae	Chlorophyta
KFZY	CoreEudicots/Asterids	Asterids
KGJF	CoreEudicots/Asterids	Asterids
KIIX	LeptosporangiateMonilophytes	Monilophytes
KJAA	CoreEudicots Caryophyllales	Caryophyllales
KJYC	Lycophytes	Lycophytes
KJZG	LeptosporangiateMonilophytes	Monilophytes
KKDQ	CoreEudicots/Rosids	Rosids
KLGF	Pinales	Gymnosperms
KMNX	Zygnemophyceae	Streptophyte Algae
KNMB	CoreEudicots/Rosids	Rosids
KOFB	Monocots	Monocots
KPTE	CoreEudicots/Rosids	Rosids
KPUM	CoreEudicots/Asterids	Asterids
KRJP	Magnoliids	Magnoliids
KRUQ	Liverworts	Liverworts
KSFK	Ulvophyceae	Chlorophyta
KTAR	CoreEudicots/Asterids	Asterids
KTWL	CoreEudicots/Asterids	Asterids
KUJU	Chlorophyceae	Chlorophyta
KUXM	Lycophytes	Lycophytes
KVAY	CoreEudicots/Rosids	Rosids
KVFU	CoreEudicots/Asterids	Asterids
KWGC	CoreEudicots Saxifragales	Eudicots
KXSK	Monocots	Monocots
KYAD	CoreEudicots/Rosids	Rosids
KYIO	Mesostigmatophyceae	Streptophyte Algae
KYNE	Monocots	Monocots
KZED	CoreEudicots/Rosids	Rosids
Klefl_v1.0	Klebsormidiales	Streptophyte Algae
LAPO	CoreEudicots/Rosids	Rosids
LBRP	Chlorophyceae	Chlorophyta
LDEL	CoreEudicots Caryophyllales	Caryophyllales
LDME	Monocots	Monocots
LDRY	Chromista	Chromista
LELS	Monocots	Monocots
LEMW	Monocots	Monocots
LETF	Ulvophyceae	Chlorophyta
LFOG	CoreEudicots/Rosids	Rosids
LGDQ	Lycophytes	Lycophytes
LGOW	Liverworts	Liverworts
LHLE	LeptosporangiateMonilophytes	Monilophytes
LIRF	Chromista	Chromista
LJPN	Rhodophyta	Rhodophyta
LJQF	CoreEudicots/Rosids	Rosids
LKKX	CoreEudicots Caryophyllales	Caryophyllales
LLEN	ChromistaHaptophyceae	Chromista
LLQV	CoreEudicots Caryophyllales	Caryophyllales
LLXJ	Rhodophyta	Rhodophyta
LNER	CoreEudicots/Rosids	Rosids
LNIL	Chlorophyceae	Chlorophyta
LNSF	Mosses	Mosses
LPGY	CoreEudicots/Rosids	Rosids
LQJY	CoreEudicots/Asterids	Asterids
LRRR	CoreEudicots/Asterids	Asterids
LRTN	CoreEudicots/Asterids	Asterids
LSHT	Ulvophyceae	Chlorophyta
LSJW	Monocots	Monocots
LSKK	Monocots	Monocots
LTZF	Monocots	Monocots
LVUS	CoreEudicots/Rosids	Rosids
LWCK	CoreEudicots/Asterids	Asterids
LWDA	CoreEudicots/Rosids	Rosids
LXRN	ChromistaHaptophyceae	Chromista
LYPZ	CoreEudicots/Asterids	Asterids
MAQO	Magnoliids	Magnoliids
MCHJ	Zygnemophyceae	Streptophyte Algae
MCPK	Mamiellophyceae	Chlorophyta
MDJK	CoreEudicots/Asterids	Asterids
MEKP	LeptosporangiateMonilophytes	Monilophytes
MFEA	CoreEudicots/Rosids	Rosids
MFIN	Monocots	Monocots
MFTM	Pinales	Gymnosperms
MFYC	Trebouxiophyceae	Chlorophyta
MFZO	Zygnemophyceae	Streptophyte Algae
MGVU	CoreEudicots/Asterids	Asterids
MHGD	Pinales	Gymnosperms
MHYG	CoreEudicots/Asterids	Asterids
MIRS	Mosses	Mosses
MIXZ	Pinales	Gymnosperms
MKZR	CoreEudicots/Asterids	Asterids
MMKU	Nephroselmidophyceae Nephroselmidales	Chlorophyta
MNCB	Trebouxiophyceae	Chlorophyta
MNNM	Zygnemophyceae	Streptophyte Algae
MOYY	Zygnemophyceae	Streptophyte Algae
MQIV	CoreEudicots/Asterids	Asterids
MRKX	CoreEudicots Caryophyllales	Caryophyllales
MROH	LeptosporangiateMonilophytes	Monilophytes
MTGC	LeptosporangiateMonilophytes	Monilophytes
MTHW	Monocots	Monocots
MTII	Monocots	Monocots
MULF	Chlorophyceae	Chlorophyta
MUMD	Monocots	Monocots
MUNP	Magnoliids	Magnoliids
MVRF	Monocots	Monocots
MVSE	CoreEudicots/Asterids	Asterids
MWAN	Chlorophyceae	Chlorophyta
MWXT	Charophyceae	Streptophyte Algae
MWYQ	Monocots	Monocots
MXDS	Chlorophyceae	Chlorophyta
MXFG	CoreEudicots/Asterids	Asterids
MYMP	CoreEudicots/Rosids	Rosids
MYVH	CoreEudicots/Rosids	Rosids
MYZV	CoreEudicots/Rosids	Rosids
MZLD	CoreEudicots/Asterids	Asterids
MZOB	CoreEudicots/Asterids	Asterids
Manes_v4.1	CoreEudicots/Rosids	Rosids
Micpu_v3.0	Mamiellophyceae	Chlorophyta
Mimgu_v2.0	CoreEudicots/Asterids	Asterids
Musac_v1.0	Monocots	Monocots
NATT	Ulvophyceae	Chlorophyta
NAUM	CoreEudicots/Asterids	Asterids
NBMW	CoreEudicots/Asterids	Asterids
NBYP	Zygnemophyceae	Streptophyte Algae
NCVK	CoreEudicots/Rosids	Rosids
NDUV	LeptosporangiateMonilophytes	Monilophytes
NEBM	CoreEudicots/Rosids	Rosids
NFXV	CoreEudicots/Rosids	Rosids
NGRR	CoreEudicots/Asterids	Asterids
NGTD	Mosses	Mosses
NHAG	CoreEudicots/Asterids	Asterids
NHCM	EusporangiateMonilophytes	Monilophytes
NHIX	Monocots	Monocots
NHUA	CoreEudicots/Rosids	Rosids
NIGS	CoreEudicots/Asterids	Asterids
NJLF	CoreEudicots/Rosids	Rosids
NKIN	Pinales	Gymnosperms
NKXU	Trebouxiophyceae	Chlorophyta
NMAK	ChromistaHaptophyceae	Chromista
NMDZ	CoreEudicots/Asterids	Asterids
NMGG	BasalEudicots Ranunculales	Eudicots
NNGU	CoreEudicots/Rosids	Rosids
NNHQ	Streptophytaincertaesedis	Streptophyte Algae
NNOK	Monocots	Monocots
NOKI	LeptosporangiateMonilophytes	Monilophytes
NPND	BasalAngiosperms	Basal Angiosperms
NPRL	Pinales	Gymnosperms
NQYP	Ulvophyceae	Chlorophyta
NRWZ	Liverworts	Liverworts
NRXL	Pinales	Gymnosperms
NSPR	Monocots	Monocots
NSTT	Ulvophyceae	Chlorophyta
NTEO	CoreEudicots/Asterids	Asterids
NUZN	CoreEudicots Saxifragales	Eudicots
NVGZ	Pinales	Gymnosperms
NVSO	CoreEudicots/Asterids	Asterids
NWMY	BasalAngiosperms	Basal Angiosperms
NWWI	LeptosporangiateMonilophytes	Monilophytes
NXOH	CoreEudicots/Rosids	Rosids
NXTS	CoreEudicots Caryophyllales	Caryophyllales
Nelnu_v1.0	BasalEudicots	Eudicots
OAEZ	Ulvophyceae	Chlorophyta
OAGK	CoreEudicots/Asterids	Asterids
OBPL	Magnoliids	Magnoliids
OBTI	CoreEudicots/Rosids	Rosids
OBUY	Rhodophyta	Rhodophyta
OCTM	CoreEudicots/Rosids	Rosids
OCWZ	Monocots	Monocots
OCZL	LeptosporangiateMonilophytes	Monilophytes
ODDO	CoreEudicots/Asterids	Asterids
OEKO	CoreEudicots/Asterids	Asterids
OFTV	Liverworts	Liverworts
OFUE	Chlorophyceae	Chlorophyta
OHAE	CoreEudicots/Rosids	Rosids
OHKC	CoreEudicots Caryophyllales	Caryophyllales
OINM	CoreEudicots/Asterids	Asterids
OLES	CoreEudicots Caryophyllales	Caryophyllales
OLXF	CoreEudicots/Rosids	Rosids
OMDH	CoreEudicots Saxifragales	Eudicots
OMYK	CoreEudicots Caryophyllales	Caryophyllales
ONBE	Monocots	Monocots
ONLQ	CoreEudicots Caryophyllales	Caryophyllales
OODC	CoreEudicots/Rosids	Rosids
OOSO	Monocots	Monocots
OOVX	CoreEudicots Saxifragales	Eudicots
OPDF	Magnoliids	Magnoliids
OQBM	CoreEudicots/Asterids	Asterids
OQHZ	CoreEudicots/Rosids	Rosids
OQON	Ulvophyceae	Chlorophyta
OQWW	LeptosporangiateMonilophytes	Monilophytes
ORJE	LeptosporangiateMonilophytes	Monilophytes
ORKS	Mosses	Mosses
OSHQ	Chloranthales Chloranthales	Chloranthales
OSIP	CoreEudicots/Rosids	Rosids
OSMU	CoreEudicots/Asterids	Asterids
OTQG	Chlorophyceae	Chlorophyta
OUER	CoreEudicots/Asterids	Asterids
OVIJ	Pinales	Gymnosperms
OWAS	CoreEudicots/Asterids	Asterids
OWFC	Pinales	Gymnosperms
OXGJ	Pinales	Gymnosperms
OXYP	CoreEudicots/Asterids	Asterids
Orysa_v7.0	Monocots	Monocots
Ostlu_v2.0	Mamiellophyceae	Chlorophyta
PAWA	Magnoliids	Magnoliids
PAZJ	CoreEudicots/Rosids	Rosids
PBUU	LeptosporangiateMonilophytes	Monilophytes
PCGJ	CoreEudicots/Asterids	Asterids
PCNH	CoreEudicots/Asterids	Asterids
PDQH	CoreEudicots Caryophyllales	Caryophyllales
PEZP	CoreEudicots/Rosids	Rosids
PFUD	Trebouxiophyceae	Chlorophyta
PHCE	CoreEudicots/Asterids	Asterids
PIUF	Liverworts	Liverworts
PIVW	LeptosporangiateMonilophytes	Monilophytes
PJSX	CoreEudicots/Rosids	Rosids
PKMO	CoreEudicots/Rosids	Rosids
PKOX	Lycophytes	Lycophytes
PLBZ	Monocots	Monocots
PMTB	CoreEudicots/Rosids	Rosids
PNZO	LeptosporangiateMonilophytes	Monilophytes
POOW	Glaucophyta	Glaucophyta
POPJ	LeptosporangiateMonilophytes	Monilophytes
POZS	CoreEudicots/Rosids	Rosids
PPPZ	CoreEudicots/Asterids	Asterids
PPQR	Monocots	Monocots
PQED	Glaucophyta	Glaucophyta
PQTO	Lycophytes	Lycophytes
PRFO	Monocots	Monocots
PRIQ	Chlorophyceae	Chlorophyta
PSHB	CoreEudicots/Asterids	Asterids
PSJT	Magnoliids	Magnoliids
PSKY	LeptosporangiateMonilophytes	Monilophytes
PTBJ	CoreEudicots/Asterids	Asterids
PTFA	CoreEudicots/Asterids	Asterids
PTLU	CoreEudicots/Rosids	Rosids
PUAN	Pedinophyceae	Chlorophyta
PUCW	CoreEudicots/Asterids	Asterids
PUDI	CoreEudicots/Rosids	Rosids
PVGP	Rhodophyta	Rhodophyta
PWKQ	Rhodophyta	Rhodophyta
PWSG	Monocots	Monocots
PXYR	CoreEudicots/Rosids	Rosids
PYDB	Rhodophyta	Rhodophyta
PYHZ	Lycophytes	Lycophytes
PZIF	Chlorophyceae	Chlorophyta
PZRT	BasalAngiosperms	Basal Angiosperms
Phavu_v1.0	CoreEudicots/Rosids	Rosids
Phypa_v3.0	Mosses	Mosses
Pinta_v2.0	Pinales	Gymnosperms
Poptr_v3.0	CoreEudicots/Rosids	Rosids
Prupe_v1.0	CoreEudicots/Rosids	Rosids
QACK	CoreEudicots/Asterids	Asterids
QAUE	CoreEudicots/Asterids	Asterids
QCGM	Pinales	Gymnosperms
QCOU	BasalEudicots Ranunculales	Eudicots
QDVW	Magnoliids	Magnoliids
QEHE	CoreEudicots/Asterids	Asterids
QFAE	Pinales	Gymnosperms
QFND	Glaucophyta	Glaucophyta
Cyapa_v1.0	Glaucophyta	Glaucophyta
QHBI	Pinales	Gymnosperms
QIAD	LeptosporangiateMonilophytes	Monilophytes
QICX	CoreEudicots/Rosids	Rosids
QIEH	CoreEudicots/Rosids	Rosids
QIKZ	CoreEudicots/Asterids	Asterids
QKMG	CoreEudicots Santalales	Santalales
QKQO	Mosses	Mosses
QLMZ	Chromista	Chromista
QMWB	Mosses	Mosses
QNGJ	Pinales	Gymnosperms
QNOC	CoreEudicots/Rosids	Rosids
QNPH	Monocots	Monocots
QOXT	Monocots	Monocots
QPDY	Coleochaetophyceae	Streptophyte Algae
QRTH	Chlorophyceae	Chlorophyta
QSKP	CoreEudicots/Rosids	Rosids
QSLH	CoreEudicots/Asterids	Asterids
QSNJ	Pinales	Gymnosperms
QTJY	BasalEudicots Ranunculales	Eudicots
QURC	CoreEudicots/Asterids	Asterids
QUTB	BasalEudicots	Eudicots
QVMR	EusporangiateMonilophytes	Monilophytes
QWFV	Zygnemophyceae	Streptophyte Algae
QWRA	Chlorophyceae	Chlorophyta
QXSZ	Mamiellophyceae	Chlorophyta
QXWF	CoreEudicots/Asterids	Asterids
QYXY	Trebouxiophyceae	Chlorophyta
QZXQ	CoreEudicots/Rosids	Rosids
QZZU	CoreEudicots/Asterids	Asterids
RAPY	Chromista	Chromista
RAWF	Chlorophyceae	Chlorophyta
RBYC	CoreEudicots/Rosids	Rosids
RCAH	Monocots	Monocots
RCBT	Mosses	Mosses
RCUX	Monocots	Monocots
RDOO	Mosses	Mosses
RDYY	Monocots	Monocots
RFAD	ChromistaHaptophyceae	Chromista
RFMZ	LeptosporangiateMonilophytes	Monilophytes
RFRB	LeptosporangiateMonilophytes	Monilophytes
RFSD	CoreEudicots/Asterids	Asterids
RGKI	Mosses	Mosses
RHAU	CoreEudicots/Rosids	Rosids
RHVC	Chlorophyceae	Chlorophyta
RICC	LeptosporangiateMonilophytes	Monilophytes
RJIM	CoreEudicots/Rosids	Rosids
RJNQ	CoreEudicots/Rosids	Rosids
RKFX	CoreEudicots/Rosids	Rosids
RKLL	CoreEudicots/Rosids	Rosids
RMMV	Pinales	Gymnosperms
RMVB	Monocots	Monocots
RMWJ	CoreEudicots/Rosids	Rosids
RNAT	Chlorophyceae	Chlorophyta
RNBN	CoreEudicots Caryophyllales	Caryophyllales
ROEI	Monocots	Monocots
ROLB	CoreEudicots/Rosids	Rosids
ROWR	Pinales	Gymnosperms
ROZZ	Chromista	Chromista
RPGL	Zygnemophyceae	Streptophyte Algae
RPPC	CoreEudicots/Rosids	Rosids
RPQV	Zygnemophyceae	Streptophyte Algae
RPRU	Zygnemophyceae	Streptophyte Algae
RQFE	Zygnemophyceae	Streptophyte Algae
RQNK	BasalEudicots Ranunculales	Eudicots
RQUG	BasalEudicots	Eudicots
RQZP	Monocots	Monocots
RRSV	Pedinophyceae	Chlorophyta
RSCE	Pinales	Gymnosperms
RSOF	Rhodophyta	Rhodophyta
RSPO	CoreEudicots Santalales	Santalales
RTLC	Rhodophyta	Rhodophyta
RTMU	Liverworts	Liverworts
RTNA	CoreEudicots/Asterids	Asterids
RTTY	CoreEudicots/Rosids	Rosids
RUIF	Chlorophyceae	Chlorophyta
RUUB	CoreEudicots Caryophyllales	Caryophyllales
RVGH	CoreEudicots/Rosids	Rosids
RWKR	CoreEudicots/Asterids	Asterids
RWXW	Chromista	Chromista
RXEN	CoreEudicots Caryophyllales	Caryophyllales
RYJX	Chlorophyceae	Chlorophyta
RZTJ	CoreEudicots/Rosids	Rosids
SALZ	CoreEudicots/Asterids	Asterids
SART	Monocots	Monocots
SBLT	Rhodophyta	Rhodophyta
SBZH	CoreEudicots/Asterids	Asterids
SCAO	CoreEudicots Caryophyllales	Caryophyllales
SCEB	Pinales	Gymnosperms
SDPC	Chlorophyceae	Chlorophyta
SERM	CoreEudicots/Asterids	Asterids
SFKQ	CoreEudicots Caryophyllales	Caryophyllales
SGTW	Ginkgoales Ginkgoales	Gymnosperms
Ginbi_v1.0	Ginkgoales Ginkgoales	Gymnosperms
SHEZ	CoreEudicots Caryophyllales	Caryophyllales
SIBR	CoreEudicots/Asterids	Asterids
SIIK	BasalEudicots	Eudicots
SILJ	Monocots	Monocots
SIZE	CoreEudicots/Rosids	Rosids
SJAN	CoreEudicots/Rosids	Rosids
SJEV	Magnoliids	Magnoliids
SKNL	CoreEudicots Caryophyllales	Caryophyllales
SKQD	Mosses	Mosses
SKYV	LeptosporangiateMonilophytes	Monilophytes
SLOI	CoreEudicots Saxifragales	Eudicots
SLYR	CoreEudicots/Rosids	Rosids
SMMC	CoreEudicots Caryophyllales	Caryophyllales
SMUR	CoreEudicots/Asterids	Asterids
SNNC	CoreEudicots/Asterids	Asterids
SNOX	Zygnemophyceae	Streptophyte Algae
SOHV	Monocots	Monocots
SQCF	CoreEudicots/Rosids	Rosids
SRSQ	Chromista	Chromista
SSDU	BasalEudicots Ranunculales	Eudicots
STKJ	Zygnemophyceae	Streptophyte Algae
SUAK	CoreEudicots/Rosids	Rosids
SUVN	CoreEudicots/Asterids	Asterids
SVTS	Monocots	Monocots
SVVG	CoreEudicots/Rosids	Rosids
SWGX	CoreEudicots/Rosids	Rosids
SWOH	BasalEudicots	Eudicots
SWPE	CoreEudicots/Rosids	Rosids
SXCE	CoreEudicots/Rosids	Rosids
SXML	CoreEudicots/Asterids	Asterids
SYHW	CoreEudicots Saxifragales	Eudicots
SYJM	Chlorophyceae	Chlorophyta
SZPD	CoreEudicots/Rosids	Rosids
SZUO	CoreEudicots/Asterids	Asterids
SZYG	Mosses	Mosses
Selmo_v1.0	Lycophytes	Lycophytes
Solly_iTAGv2.3	CoreEudicots/Asterids	Asterids
Sorbi_v2.1	Monocots	Monocots
Spipo_v2	Monocots	Monocots
TAGM	CoreEudicots/Asterids	Asterids
TAVP	Mosses	Mosses
TCBC	Hornworts	Hornworts
TCYS	Monocots	Monocots
TDTF	CoreEudicots/Rosids	Rosids
TEZA	CoreEudicots/Asterids	Asterids
TFYI	Liverworts	Liverworts
TGKW	Liverworts	Liverworts
TGNL	prasinophytes Chlorophyta incertae sedis	Chlorophyta
THDM	Monocots	Monocots
THEW	Monocots	Monocots
THHD	CoreEudicots/Rosids	Rosids
TIUZ	CoreEudicots/Rosids	Rosids
TJES	CoreEudicots Caryophyllales	Caryophyllales
TJLC	CoreEudicots/Rosids	Rosids
TJQY	CoreEudicots/Rosids	Rosids
TKEK	CoreEudicots/Asterids	Asterids
TLCA	CoreEudicots/Rosids	Rosids
TMAJ	Mosses	Mosses
TNAW	prasinophytes Pyramimonadales	Chlorophyta
TOKV	CoreEudicots Saxifragales	Eudicots
TORX	CoreEudicots/Asterids	Asterids
TOXE	Gnetales	Gymnosperms
TPEM	CoreEudicots/Asterids	Asterids
TPHT	Zygnemophyceae	Streptophyte Algae
TQKZ	CoreEudicots/Asterids	Asterids
TRRQ	Monocots	Monocots
TSBQ	Chlorophyceae	Chlorophyta
TTRG	CoreEudicots/Rosids	Rosids
TVCU	CoreEudicots/Rosids	Rosids
TVSH	CoreEudicots/Rosids	Rosids
TWUW	Hornworts	Hornworts
TXMP	CoreEudicots/Rosids	Rosids
TXVB	Liverworts	Liverworts
TZNS	Monocots	Monocots
TZWR	CoreEudicots/Rosids	Rosids
Theca_v1.1	CoreEudicots/Rosids	Rosids
UAXP	CoreEudicots/Rosids	Rosids
UBLN	CoreEudicots/Asterids	Asterids
UCNM	CoreEudicots/Asterids	Asterids
UCRN	Hornworts	Hornworts
UDHA	BasalEudicots Ranunculales	Eudicots
UDUT	CoreEudicots/Rosids	Rosids
UEVI	Pinales	Gymnosperms
UFHF	CoreEudicots/Asterids	Asterids
UFJN	LeptosporangiateMonilophytes	Monilophytes
UGJI	CoreEudicots/Asterids	Asterids
UGNK	EusporangiateMonilophytes	Monilophytes
UGPM	Rhodophyta	Rhodophyta
UHBY	CoreEudicots Saxifragales	Eudicots
UHJR	CoreEudicots/Rosids	Rosids
UHLI	Mosses	Mosses
UJGI	CoreEudicots/Rosids	Rosids
UJTT	LeptosporangiateMonilophytes	Monilophytes
UJWU	LeptosporangiateMonilophytes	Monilophytes
UKUC	Chlorophyceae	Chlorophyta
ULKT	Lycophytes	Lycophytes
ULXR	Chromista	Chromista
UMUL	CoreEudicots/Asterids	Asterids
UOEL	Monocots	Monocots
UOMY	LeptosporangiateMonilophytes	Monilophytes
UOYN	CoreEudicots/Asterids	Asterids
UPMJ	Lycophytes	Lycophytes
UPOG	BasalEudicots Ranunculales	Eudicots
UPZX	CoreEudicots/Rosids	Rosids
UQCB	CoreEudicots Caryophyllales	Caryophyllales
URCP	LeptosporangiateMonilophytes	Monilophytes
URDJ	BasalAngiosperms	Basal Angiosperms
URSB	Rhodophyta	Rhodophyta
USIX	Chlorophyceae	Chlorophyta
UTQR	CoreEudicots/Asterids	Asterids
UTRE	Chlorophyceae	Chlorophyta
UUHD	Liverworts	Liverworts
UUJS	Pinales	Gymnosperms
UVDC	CoreEudicots/Rosids	Rosids
UVQL	CoreEudicots/Rosids	Rosids
UWFU	CoreEudicots Saxifragales	Eudicots
UWOD	LeptosporangiateMonilophytes	Monilophytes
UYED	CoreEudicots/Asterids	Asterids
UYFR	Rhodophyta	Rhodophyta
UZWG	CoreEudicots/Rosids	Rosids
UZXL	Monocots	Monocots
VALZ	Chlorophyceae	Chlorophyta
VAZE	Zygnemophyceae	Streptophyte Algae
VBHQ	Monocots	Monocots
VBLH	Ulvophyceae	Chlorophyta
VBMM	Mosses	Mosses
VCIN	CoreEudicots/Rosids	Rosids
VDAO	Gnetales	Gymnosperms
VDKG	CoreEudicots/Rosids	Rosids
VFFP	CoreEudicots/Rosids	Rosids
VFIV	Chlorophyceae	Chlorophyta
VFYZ	Pinales	Gymnosperms
VGHH	BasalEudicots Ranunculales	Eudicots
VGSX	Pinales	Gymnosperms
VGVI	CoreEudicots Santalales	Santalales
VHIJ	Ulvophyceae	Chlorophyta
VHZV	CoreEudicots/Rosids	Rosids
VIAU	Chlorophyceae	Chlorophyta
VIBO	LeptosporangiateMonilophytes	Monilophytes
VITX	LeptosporangiateMonilophytes	Monilophytes
VJDZ	Chlorophyceae	Chlorophyta
VJED	ChromistaHaptophyceae	Chromista
VJPU	CoreEudicots Caryophyllales	Caryophyllales
VKJD	CoreEudicots/Asterids	Asterids
VKVG	ChromistaChrysophyta	Chromista
VLNB	CoreEudicots/Rosids	Rosids
VMNH	CoreEudicots/Rosids	Rosids
VMXJ	Mosses	Mosses
VNAL	Rhodophyta	Rhodophyta
VNMY	CoreEudicots/Rosids	Rosids
VQBJ	Coleochaetophyceae	Streptophyte Algae
VQFW	BasalEudicots	Eudicots
VQYB	Monocots	Monocots
VRGZ	Chromista	Chromista
VSRH	Pinales	Gymnosperms
VTLJ	CoreEudicots/Asterids	Asterids
VTUS	Monocots	Monocots
VUSY	CoreEudicots/Asterids	Asterids
VVPY	CoreEudicots/Rosids	Rosids
VVRN	LeptosporangiateMonilophytes	Monilophytes
VVVV	Monocots	Monocots
VXKB	CoreEudicots/Asterids	Asterids
VXOD	CoreEudicots/Rosids	Rosids
VYDM	CoreEudicots/Asterids	Asterids
VYER	Chromista	Chromista
VYGG	CoreEudicots/Rosids	Rosids
VYLQ	Magnoliids	Magnoliids
VZCI	BasalAngiosperms	Basal Angiosperms
VZWX	Rhodophyta	Rhodophyta
Vitvi_Genoscope.12X	CoreEudicots/Rosids	Rosids
Volca_v2.0	Chlorophyceae	Chlorophyta
WAFT	Lycophytes	Lycophytes
WAIL	Magnoliids	Magnoliids
WAXR	CoreEudicots/Rosids	Rosids
WBIB	Monocots	Monocots
WBOD	Magnoliids	Magnoliids
WCLG	LeptosporangiateMonilophytes	Monilophytes
WCLV	Trebouxiophyceae	Chlorophyta
WCOR	Monocots	Monocots
WCQU	Zygnemophyceae	Streptophyte Algae
WCZB	Hornworts	Hornworts
WDCW	Zygnemophyceae	Streptophyte Algae
WDGV	Zygnemophyceae	Streptophyte Algae
WDWX	Chlorophyceae	Chlorophyta
WEAC	CoreEudicots/Asterids	Asterids
WEEQ	Hornworts	Hornworts
WEJN	Rhodophyta	Rhodophyta
WEQK	CoreEudicots/Asterids	Asterids
WFBF	BasalEudicots Ranunculales	Eudicots
WGET	CoreEudicots Caryophyllales	Caryophyllales
WGTU	LeptosporangiateMonilophytes	Monilophytes
WHNV	CoreEudicots/Asterids	Asterids
WIGA	Magnoliids	Magnoliids
WJLO	Liverworts	Liverworts
WKCY	CoreEudicots/Rosids	Rosids
WKSU	Magnoliids	Magnoliids
WLIC	Cycadales Cycadales	Gymnosperms
WMLW	CoreEudicots Caryophyllales	Caryophyllales
WMUK	CoreEudicots/Rosids	Rosids
WNGH	Mosses	Mosses
WOBD	CoreEudicots Caryophyllales	Caryophyllales
WOGB	Mosses	Mosses
WOHL	CoreEudicots/Asterids	Asterids
WPHN	Magnoliids	Magnoliids
WQML	LeptosporangiateMonilophytes	Monilophytes
WQRD	CoreEudicots/Asterids	Asterids
WQUF	CoreEudicots Caryophyllales	Caryophyllales
WRPP	CoreEudicots/Asterids	Asterids
WRSL	Chlorophyceae	Chlorophyta
WSJO	Zygnemophyceae	Streptophyte Algae
WSPM	Mosses	Mosses
WTDE	Monocots	Monocots
WTKZ	BasalAngiosperms	Basal Angiosperms
WVEF	CoreEudicots/Rosids	Rosids
WVMY	CoreEudicots/Asterids	Asterids
WVWN	Pinales	Gymnosperms
WWKL	CoreEudicots/Rosids	Rosids
WWQZ	CoreEudicots/Rosids	Rosids
WWSS	Pinales	Gymnosperms
WXNT	Monocots	Monocots
WXRI	Trebouxiophyceae	Chlorophyta
WXVX	CoreEudicots/Asterids	Asterids
WYIG	CoreEudicots/Rosids	Rosids
WZFE	Chloranthales Chloranthales	Chloranthales
WZYK	Liverworts	Liverworts
XAXW	Rhodophyta	Rhodophyta
XAYK	CoreEudicots/Asterids	Asterids
XBKS	Monocots	Monocots
XDDT	LeptosporangiateMonilophytes	Monilophytes
XDLL	Chlorophyceae	Chlorophyta
XFFT	CoreEudicots/Rosids	Rosids
XFJG	Monocots	Monocots
XGFU	CoreEudicots Santalales	Santalales
XHHU	Monocots	Monocots
XHKT	BasalEudicots Ranunculales	Eudicots
XIRK	Pinales	Gymnosperms
XISJ	CoreEudicots/Asterids	Asterids
XIVI	prasinophytes Pyramimonadales	Chlorophyta
XJGM	prasinophytes/Prasinococcales Prasinococcales	Chlorophyta
XKPS	CoreEudicots Santalales	Santalales
XKWQ	Chlorophyceae	Chlorophyta
XLGK	Pinales	Gymnosperms
XMBA	CoreEudicots/Asterids	Asterids
XMCL	prasinophytes/Prasinococcales Prasinococcales	Chlorophyta
XMGP	Pinales	Gymnosperms
XMQO	BasalEudicots	Eudicots
XMVD	BasalEudicots Ranunculales	Eudicots
XNLP	CoreEudicots/Rosids	Rosids
XNXF	Lycophytes	Lycophytes
XOAL	Mamiellophyceae	Chlorophyta
XOOE	CoreEudicots/Rosids	Rosids
XPAF	Monocots	Monocots
XPBC	CoreEudicots/Rosids	Rosids
XQRV	CoreEudicots/Asterids	Asterids
XQSG	Pinales	Gymnosperms
XQWC	Magnoliids	Magnoliids
XRCX	CoreEudicots/Asterids	Asterids
XRLM	CoreEudicots/Asterids	Asterids
XRTZ	Zygnemophyceae	Streptophyte Algae
XSSD	CoreEudicots Caryophyllales	Caryophyllales
XSZI	Magnoliids	Magnoliids
XTON	Chlorophyceae	Chlorophyta
XTZO	Pinales	Gymnosperms
XUAB	Monocots	Monocots
XVJB	CoreEudicots/Rosids	Rosids
XVRU	CoreEudicots/Asterids	Asterids
XWHK	Mosses	Mosses
XXHP	LeptosporangiateMonilophytes	Monilophytes
XXYA	CoreEudicots/Asterids	Asterids
XZME	Monocots	Monocots
XZUY	Cycadales Cycadales	Gymnosperms
YADI	CoreEudicots/Asterids	Asterids
YBML	Monocots	Monocots
YBQN	Liverworts	Liverworts
YCKE	LeptosporangiateMonilophytes	Monilophytes
YDCQ	Ulvophyceae	Chlorophyta
YEPO	Mosses	Mosses
YFGP	Liverworts	Liverworts
YFQX	CoreEudicots/Asterids	Asterids
YFZK	Pinales	Gymnosperms
YGAT	CoreEudicots/Rosids	Rosids
YGCX	CoreEudicots/Rosids	Rosids
YHFG	BasalEudicots Ranunculales	Eudicots
YHLF	CoreEudicots/Rosids	Rosids
YHZW	Lycophytes	Lycophytes
YIXP	LeptosporangiateMonilophytes	Monilophytes
YJJY	LeptosporangiateMonilophytes	Monilophytes
YJUG	Monocots	Monocots
YKFU	CoreEudicots Saxifragales	Eudicots
YKQR	CoreEudicots Saxifragales	Eudicots
YKZB	CoreEudicots/Asterids	Asterids
YLJA	LeptosporangiateMonilophytes	Monilophytes
YLPM	Pinales	Gymnosperms
YLWW	Monocots	Monocots
YMES	Monocots	Monocots
YNFJ	CoreEudicots Caryophyllales	Caryophyllales
YNUE	CoreEudicots/Rosids	Rosids
YOWV	LeptosporangiateMonilophytes	Monilophytes
YOXI	Zygnemophyceae	Streptophyte Algae
YPIC	Monocots	Monocots
YQEC	LeptosporangiateMonilophytes	Monilophytes
YQIJ	CoreEudicots/Asterids	Asterids
YRBQ	CoreEudicots/Asterids	Asterids
YRHD	CoreEudicots/Asterids	Asterids
YRMA	Chromista	Chromista
YSBD	Rhodophyta	Rhodophyta
YSQT	Zygnemophyceae	Streptophyte Algae
YSRZ	CoreEudicots/Asterids	Asterids
YUOM	CoreEudicots/Rosids	Rosids
YWNF	Mosses	Mosses
YXNR	Monocots	Monocots
YYPE	Pinales	Gymnosperms
YZGX	CoreEudicots/Asterids	Asterids
YZRI	Magnoliids	Magnoliids
YZVJ	CoreEudicots/Rosids	Rosids
ZACW	Mosses	Mosses
ZBPY	CoreEudicots Caryophyllales	Caryophyllales
ZBTA	CoreEudicots Caryophyllales	Caryophyllales
ZBVT	CoreEudicots/Rosids	Rosids
ZCDJ	CoreEudicots/Rosids	Rosids
ZCUA	CoreEudicots/Asterids	Asterids
ZDIZ	Chlorophyceae	Chlorophyta
ZENX	Monocots	Monocots
ZETY	CoreEudicots/Asterids	Asterids
ZFGK	Lycophytes	Lycophytes
ZFXU	Chlorophyceae	Chlorophyta
ZGQD	BasalEudicots Ranunculales	Eudicots
ZHEE	CoreEudicots/Rosids	Rosids
ZHMB	CoreEudicots/Rosids	Rosids
ZINQ	CoreEudicots/Rosids	Rosids
ZIVZ	Chlorophyceae	Chlorophyta
ZIWB	CoreEudicots/Rosids	Rosids
ZJOJ	Rhodophyta	Rhodophyta
ZJRC	CoreEudicots/Asterids	Asterids
ZJUL	CoreEudicots Saxifragales	Eudicots
ZKPF	Monocots	Monocots
ZLQE	Chlorophyceae	Chlorophyta
ZMGN	Monocots	Monocots
ZNUM	Trebouxiophyceae	Chlorophyta
ZPKK	CoreEudicots/Rosids	Rosids
ZQRI	Mosses	Mosses
ZQVF	Pinales	Gymnosperms
ZQWM	Pinales	Gymnosperms
ZQYU	LeptosporangiateMonilophytes	Monilophytes
ZRIN	CoreEudicots/Asterids	Asterids
ZRMT	Zygnemophyceae	Streptophyte Algae
ZSAB	CoreEudicots/Rosids	Rosids
ZSGF	CoreEudicots/Asterids	Asterids
ZSSR	CoreEudicots/Rosids	Rosids
ZTHV	Mosses	Mosses
ZTLR	CoreEudicots/Rosids	Rosids
ZUHO	BasalEudicots Ranunculales	Eudicots
ZULJ	Rhodophyta	Rhodophyta
ZXJO	LeptosporangiateMonilophytes	Monilophytes
ZYAX	Pinales	Gymnosperms
ZYCD	Lycophytes	Lycophytes
ZZEI	Lycophytes	Lycophytes
ZZOL	Lycophytes	Lycophytes
